squareMeters,numberOfRooms,hasYard,hasPool,floors,cityCode,made,isNewBuilt,basement,garage,hasStorageRoom,hasGuestRoom,price,category
75523,3,0,1,63,9373,2005,0,4313,956,0,7,7559081.5,Basic
80771,39,1,1,98,39381,2015,1,3653,128,1,2,8085989.5,Luxury
55712,58,0,1,19,34457,2021,0,2937,135,1,9,5574642.1,Basic
32316,47,0,0,6,27939,2012,0,659,359,0,3,3232561.2,Basic
70429,19,1,1,90,38045,1990,1,8435,292,1,4,7055052,Luxury
39223,36,0,1,17,39489,2012,0,2009,757,0,1,3926647.2,Basic
58682,10,1,1,99,6450,1995,1,5930,848,0,5,5876376.5,Luxury
86929,100,1,0,11,98155,2003,1,6326,654,0,10,8696869.3,Basic
51522,3,0,0,61,9047,2012,1,632,807,1,5,5154055.2,Basic
39686,42,0,0,15,71019,2021,1,5198,591,1,3,3970892.1,Basic
23563,21,0,1,90,91058,1993,1,703,684,1,10,2366397.3,Basic
96470,74,1,0,21,92029,2011,1,5414,716,1,9,9652258.1,Basic
19127,31,1,0,5,7475,2008,0,5387,374,0,4,1914688.8,Basic
13087,44,1,0,77,40475,2004,1,1745,582,0,0,1320803.4,Basic
79770,3,0,1,69,54812,2018,0,8871,240,0,7,7986665.8,Basic
75985,60,1,0,67,6517,2009,1,4878,384,1,5,7607322.9,Basic
64169,88,0,1,6,61711,2011,1,3054,726,0,9,6420823.1,Basic
99371,31,1,1,16,96297,2013,1,3258,354,1,8,9944705.3,Luxury
25966,37,1,1,17,22818,2016,0,8257,162,0,6,2604486.6,Basic
41792,43,1,1,10,80768,2017,1,2950,572,1,5,4187667.7,Luxury
28795,64,1,1,50,97667,2009,1,9862,330,1,0,2888047.9,Luxury
92383,12,0,0,78,71982,2000,0,7507,892,1,1,9244344,Basic
33279,64,1,0,65,91690,2019,1,2427,732,0,1,3333351.9,Basic
34782,47,0,0,73,35331,2020,0,9586,822,0,2,3482594,Basic
13386,51,0,0,90,87978,1993,0,2885,904,1,4,1342509.3,Basic
20883,56,0,0,54,85377,2018,0,9982,670,1,10,2091505.8,Basic
95121,46,0,1,3,9382,1994,0,615,328,0,10,9515440.4,Basic
6071,72,1,0,14,8410,2003,1,3306,295,0,2,612471.3,Basic
11844,43,0,0,55,46144,1993,1,5292,395,0,10,1189939.3,Basic
52078,7,1,1,73,20372,2016,1,1864,558,0,5,5217708.6,Luxury
25897,98,1,0,92,20344,1993,0,9799,116,1,10,2598763.3,Basic
85443,40,1,1,54,339,2021,1,3056,292,1,2,8555234.1,Luxury
11412,78,0,0,79,73807,2009,1,6899,695,0,0,1145642.9,Basic
97550,89,1,1,98,78155,2014,1,5391,388,0,0,9765099.4,Luxury
76485,47,1,0,9,90254,2008,1,2860,982,0,1,7653300.8,Basic
26169,29,0,0,62,66489,1993,0,7918,919,1,9,2622399.3,Basic
24239,87,1,0,91,73056,1998,0,6656,698,0,3,2427801.8,Basic
36239,8,0,1,24,66771,1990,0,6679,798,1,5,3627708,Basic
10500,88,0,1,49,10533,2013,1,4170,422,0,5,1057021.3,Basic
87060,27,0,1,91,51803,2000,0,6629,512,0,7,8711426,Basic
66683,19,1,1,6,50801,2001,0,7473,237,1,3,6677649.1,Basic
66569,59,1,1,56,15574,2016,1,2020,269,1,10,6667802.6,Luxury
84559,29,0,1,69,53057,2000,1,3573,918,1,8,8460604,Basic
28749,39,0,1,53,80821,1996,1,8113,982,1,3,2877997.6,Basic
76091,38,1,0,32,59451,2016,1,8150,930,0,7,7614076.6,Basic
92696,49,1,0,38,74381,2021,0,1559,957,1,2,9272740.1,Basic
46988,66,1,1,27,4863,1991,1,8339,874,1,4,4707341.1,Luxury
48062,22,0,1,4,28104,2008,1,7908,817,1,1,4809993.8,Basic
5767,97,1,1,11,44551,1998,1,2516,307,1,4,586742.8,Luxury
59800,47,0,1,27,44815,2021,0,5075,864,0,4,5984462.1,Basic
54836,25,0,1,53,64601,2020,1,5278,313,1,6,5492532,Basic
54318,10,1,1,52,76737,1998,1,9580,227,1,1,5444967.8,Luxury
70021,52,1,0,28,95678,1992,0,4480,680,1,1,7005572.2,Basic
54368,11,1,1,20,55761,2021,0,231,223,0,8,5446398.1,Basic
31421,29,0,1,68,67505,1999,1,8949,630,0,5,3147829.9,Basic
63053,6,1,1,28,45312,1997,0,8414,939,1,8,6315375.7,Basic
4187,89,0,1,17,7488,1994,1,186,559,1,2,421906.4,Basic
33108,82,0,1,83,52015,2016,1,6250,552,1,2,3316069.6,Basic
64393,8,0,0,51,95335,1990,1,3835,559,0,6,6441378,Basic
93876,60,0,1,70,5484,1999,1,4086,494,1,8,9390891.9,Basic
67040,60,1,1,22,1690,1993,1,4817,927,0,0,6714247.3,Luxury
47938,17,0,0,68,64247,2013,0,327,352,1,8,4797883.3,Basic
39090,57,1,0,74,2922,2010,0,3572,811,1,6,3917691,Basic
43609,66,0,0,55,6739,2005,0,3388,120,1,7,4364910.5,Basic
41998,74,1,0,17,32039,1990,1,6838,828,0,9,4203344,Basic
36496,9,0,1,47,51526,2017,0,2768,230,1,0,3656368.7,Basic
84016,15,1,0,55,63595,2016,1,3284,641,0,2,8410054.6,Basic
3087,27,1,1,94,9283,2005,1,5866,199,1,1,321717.5,Luxury
89768,48,1,1,17,71000,1993,0,2485,864,0,7,8980518.3,Basic
30226,74,1,1,87,71053,2007,0,515,223,0,4,3039243.7,Basic
58478,5,0,1,35,5898,2016,0,8366,979,1,7,5853710.6,Basic
66621,48,0,0,89,52165,1995,1,5024,388,1,4,6666403.5,Basic
73314,43,0,1,38,49895,2018,0,3281,968,0,8,7336538.8,Basic
59972,28,0,1,18,32083,2021,1,8384,226,1,4,6000826.1,Basic
71591,20,1,0,58,46834,1998,0,6486,366,0,0,7165980.8,Basic
92462,52,1,1,46,22405,2019,1,9584,677,0,8,9257840.9,Luxury
52325,60,1,1,24,76804,1992,1,8987,808,1,4,5238533.2,Luxury
67311,67,0,0,10,45626,1990,1,6928,774,1,5,6732249,Basic
45050,99,0,1,87,20318,2013,1,5218,144,0,3,4508695.3,Basic
61534,73,1,0,97,22943,2001,0,9265,755,1,6,6159875.1,Basic
84091,50,0,1,72,22718,1993,0,2668,766,0,8,8414104.3,Basic
77579,69,1,1,97,88798,1999,1,4850,144,1,8,7767797.9,Luxury
25204,31,1,1,37,87552,2020,1,6560,116,0,6,2530488,Luxury
42059,46,0,1,62,43289,2017,1,8827,860,1,3,4212125.7,Basic
38430,43,0,1,51,3406,2021,0,1214,289,0,8,3846214.1,Basic
7069,4,0,0,89,55300,2009,1,7499,493,1,3,709107.9,Basic
34780,75,0,1,9,67297,2019,0,3033,800,1,4,3480536.9,Basic
12757,100,1,0,7,19550,2020,1,6795,738,0,5,1277834,Basic
33749,74,0,1,38,73976,1999,1,1729,616,1,2,3380855.9,Basic
600,37,1,0,43,72736,2011,1,6738,866,0,1,63402.1,Basic
7239,61,1,0,83,26435,1994,1,7782,986,0,4,733776.4,Basic
34919,20,1,1,84,60113,1997,0,6566,408,0,2,3499532.7,Basic
25614,29,0,0,27,52970,1994,1,700,519,1,9,2563970.4,Basic
51434,64,0,0,23,79754,2012,1,2080,753,0,7,5146226.2,Basic
78960,55,0,1,76,23408,2015,1,7126,974,1,0,7900996.5,Basic
70751,64,1,1,41,92268,2006,1,1506,794,1,7,7084110.6,Luxury
81870,60,0,1,100,58048,2020,0,3632,723,1,3,8198185,Basic
91559,36,0,1,21,82521,2007,0,788,132,1,8,9161130.7,Basic
72098,9,0,1,67,91168,2014,1,9080,740,1,9,7216904.4,Basic
23177,19,0,0,52,69373,2003,0,2706,648,1,6,2318776.3,Basic
39517,92,0,0,85,51212,2019,0,7618,810,1,9,3953491.9,Basic
55232,23,0,0,8,849,1991,0,1492,625,0,6,5524015.1,Basic
53735,49,0,1,92,2423,2006,0,8654,290,1,8,5384554.6,Basic
67753,72,1,1,78,31721,1995,1,7480,929,0,6,6789580.5,Luxury
1450,59,0,0,1,2317,2018,1,1285,869,1,10,146181.8,Basic
82141,93,1,1,61,74213,2019,1,8785,968,1,4,8225970.9,Luxury
17868,73,1,0,35,48674,2013,0,1718,710,1,2,1792308.3,Basic
71397,71,0,0,93,68199,1995,1,3477,342,0,2,7145471.5,Basic
32623,35,0,1,14,80204,2003,1,4633,126,0,8,3267852.3,Basic
23841,71,1,1,25,32106,2010,1,7590,564,1,1,2390804,Luxury
16495,94,0,0,6,90448,1991,1,2214,929,1,7,1650711.1,Basic
39109,24,1,0,67,74477,2002,1,1642,139,0,9,3917652.2,Basic
65151,81,1,1,3,66191,1991,0,3218,849,0,4,6522781.1,Basic
61484,91,1,0,94,87015,2013,1,5486,766,0,3,6154833.3,Basic
57160,15,1,1,43,40786,2002,0,4018,836,1,2,5724102.2,Basic
13346,57,0,0,57,30010,2021,1,2525,809,0,8,1336414.1,Basic
27351,77,0,0,36,98465,1997,1,1150,812,1,0,2738851.7,Basic
18466,50,0,1,60,89670,2020,0,2475,568,0,5,1849227,Basic
45441,29,1,0,66,21239,2004,0,8121,853,0,6,4552319.4,Basic
55933,15,0,0,97,5800,2001,1,7369,686,1,6,5599976.1,Basic
81936,68,0,0,92,6143,2011,1,6393,734,0,0,8198107.1,Basic
18237,70,1,0,74,25093,2011,0,7173,498,1,9,1833338.1,Basic
35631,54,1,0,7,77355,2018,1,216,775,1,10,3568002.8,Basic
99683,12,1,0,77,18300,2002,0,4034,787,1,6,9977000.2,Basic
47664,44,0,0,77,98008,2010,1,2662,417,0,6,4770073,Basic
62887,45,0,1,7,91125,1993,1,292,675,0,4,6293710.3,Basic
18470,20,1,1,73,9406,2000,1,4089,905,1,6,1852115,Luxury
36031,63,1,0,47,74698,2001,0,9701,514,0,4,3612495.1,Basic
22776,84,0,0,5,82401,1993,0,2422,544,1,7,2278599.3,Basic
14830,81,1,0,1,17641,1992,1,6151,243,0,9,1487488.2,Basic
43944,40,1,0,69,5581,2012,0,7466,735,1,6,4403326.2,Basic
73062,34,1,1,38,44770,2016,0,9823,728,1,0,7313447.6,Basic
84284,76,0,0,39,55723,1998,0,4500,480,0,6,8432554.8,Basic
9619,66,1,0,91,82543,1991,0,1069,927,0,10,969806.1,Basic
11410,96,0,1,96,85454,2019,0,1466,933,1,1,1150663.9,Basic
29855,63,0,0,23,78080,2000,0,3861,204,0,6,2987645,Basic
46716,94,0,0,58,25303,2008,0,1361,409,0,3,4674140.8,Basic
77046,69,1,0,85,43517,1992,0,8135,648,0,3,7714235.2,Basic
58855,1,0,0,66,20127,2004,0,2267,531,0,3,5892518.4,Basic
69165,66,1,0,74,51371,2009,1,1543,939,1,9,6926290.9,Basic
57915,25,0,1,84,87517,2007,1,3394,640,0,5,5800324.7,Basic
66279,47,1,0,9,21934,2003,0,5079,128,0,10,6631365.3,Basic
16068,21,1,0,13,21716,1991,1,8893,463,0,2,1611707.1,Basic
74325,50,1,1,58,91978,1994,0,4008,275,0,5,7443433.4,Basic
35742,46,1,1,47,84138,2014,1,1732,243,0,7,3581003.4,Luxury
9026,51,1,0,28,85842,2000,1,779,482,0,10,904797,Basic
16899,19,0,1,14,47328,2020,0,5710,302,1,7,1693690,Basic
99854,82,0,0,64,82741,2009,0,4827,918,0,7,9989598.9,Basic
33743,56,1,1,29,21945,2006,0,7330,345,0,6,3382812.6,Basic
72798,22,1,1,30,61212,2007,0,2209,637,0,7,7290431.7,Basic
86492,21,0,0,86,42450,1992,1,7843,463,0,0,8654049.2,Basic
38937,35,0,1,77,2867,2013,1,1312,794,0,1,3901433.3,Basic
24762,22,0,1,62,50367,1999,1,5264,502,1,1,2480900.9,Basic
91047,45,0,0,65,41065,1999,0,7241,757,1,1,9109264.9,Basic
55527,64,0,1,44,61931,2005,0,9385,786,1,9,5557814.5,Basic
70606,17,1,1,79,38,2017,1,4927,197,0,5,7070662.7,Luxury
67327,47,0,0,87,26709,1990,0,1097,964,0,10,6741466,Basic
6125,90,0,1,29,95979,2012,1,6423,846,0,10,615143.2,Basic
71833,37,0,1,51,58147,2013,0,3772,580,1,6,7185318.3,Basic
20811,98,1,1,71,91543,1995,0,112,586,0,3,2090690.5,Basic
7643,98,0,0,63,5989,1999,1,2142,983,1,7,765618.9,Basic
16669,95,1,1,81,15949,2007,0,6109,239,1,1,1676719.7,Basic
84006,73,1,1,97,54296,2000,1,9698,837,0,4,8409827,Luxury
34059,49,0,0,90,63489,1993,0,4138,347,0,2,3412619.3,Basic
36131,95,0,0,88,72385,1991,1,1046,331,0,8,3620939.1,Basic
8201,18,1,1,66,38920,2007,0,4949,185,1,6,826967.7,Basic
38398,84,0,0,22,44513,1994,1,1618,404,0,8,3842545.4,Basic
38833,10,0,0,14,28075,2014,1,1828,462,1,8,3884619.4,Basic
41488,22,0,0,59,2019,2013,0,2090,650,0,3,4151539.3,Basic
5205,2,0,0,15,71289,2005,0,8342,742,0,0,521650.5,Basic
45066,28,0,0,62,85825,2013,0,7092,924,1,0,4508367.3,Basic
63875,53,1,1,14,54408,1999,1,4139,152,0,6,6394774.9,Luxury
25052,88,0,0,94,1083,2020,0,718,703,0,10,2515214,Basic
51457,64,0,1,32,68294,2016,0,3016,633,1,4,5150600.6,Basic
84396,64,0,0,96,88421,2015,1,7416,593,1,2,8449333.5,Basic
64920,98,0,1,63,1173,2016,1,2287,426,1,6,6501809.6,Basic
9166,4,1,0,16,26610,2015,1,6838,842,1,8,922847.5,Basic
85558,48,1,0,83,55318,2017,0,7997,374,1,0,8568781.7,Basic
87267,75,1,0,81,57714,2019,0,6899,666,1,4,8731940.9,Basic
96091,100,0,1,24,99874,1999,0,6546,373,0,6,9615021.9,Basic
38003,98,1,0,6,49191,2008,0,9981,129,0,2,3803545.8,Basic
83120,97,0,1,68,93953,2015,0,15,481,0,1,8318749.5,Basic
20468,100,1,0,34,63924,2003,0,9659,802,0,0,2049846.3,Basic
75152,91,1,0,37,61836,2018,1,4717,412,0,2,7518709.8,Basic
32688,9,1,1,18,86166,2013,0,9089,398,1,7,3274057.3,Basic
45868,72,1,1,69,33082,1994,1,7668,216,0,10,4600708.4,Luxury
73900,69,0,1,36,57473,2018,0,9847,140,1,4,7394635.8,Basic
16000,41,1,1,25,86898,2007,0,7228,138,0,6,1606948.7,Basic
1423,59,0,1,30,21687,1993,1,3900,879,0,8,149234.3,Basic
29951,37,1,1,13,56604,1995,1,5692,762,0,0,3002371.5,Luxury
40231,84,0,1,41,64474,1999,0,5700,758,1,0,4030226.9,Basic
59517,38,1,0,69,93928,2003,1,6831,727,1,6,5958698.3,Basic
98969,26,1,0,69,36941,2003,0,3744,992,1,5,9902968.3,Basic
99177,49,0,0,41,5100,2021,1,6326,429,1,3,9919217.1,Basic
89157,46,0,0,42,34482,2009,0,3510,290,1,4,8920282.9,Basic
67429,60,0,1,24,89820,1991,1,3578,858,1,1,6749654.1,Basic
38431,57,1,0,60,69199,2020,1,4121,374,0,8,3848467,Basic
72495,76,1,1,59,8723,1994,1,3413,254,1,0,7259025.4,Luxury
85362,77,1,0,19,40604,1997,0,7728,186,1,4,8541211.7,Basic
28597,93,0,0,47,16237,1990,0,4492,714,0,8,2863386,Basic
13687,36,1,1,93,2400,2001,1,4148,590,0,5,1376329.1,Luxury
50479,3,0,1,73,39939,2020,0,4149,188,0,5,5057657,Basic
98121,38,0,1,57,20289,1995,0,6028,275,0,2,9817494.5,Basic
57736,16,0,0,21,83855,1999,0,6099,588,0,2,5775940.9,Basic
30356,40,0,0,85,13378,1992,0,7660,551,0,8,3039209.2,Basic
21141,38,0,1,80,65184,1998,1,169,697,1,10,2126023.8,Basic
98122,34,0,0,7,80176,2009,0,7125,186,1,5,9813433.9,Basic
34746,12,1,0,15,57668,2000,0,2840,377,0,4,3478332,Basic
17297,43,1,1,19,99289,2012,1,3216,243,1,2,1738971.2,Luxury
80324,47,1,1,7,20394,1993,1,325,109,0,9,8039714.3,Luxury
15815,13,1,1,2,2179,2019,1,637,552,0,4,1585031.9,Luxury
1066,5,1,1,46,65388,2017,0,2723,524,1,5,114605.7,Basic
79275,95,0,1,67,13000,1995,0,3689,132,1,3,7930383.5,Basic
20658,7,1,1,48,80216,1997,0,8080,341,1,10,2076936.7,Basic
8687,88,0,1,64,2052,1993,1,7414,710,1,3,877525.3,Basic
69638,42,1,1,63,89878,1991,1,4703,937,1,6,6977654.1,Luxury
94036,18,0,0,19,79418,2001,1,5913,986,0,10,9406163.1,Basic
60889,72,0,0,87,55928,2018,1,7437,131,0,7,6091341.8,Basic
11680,21,0,0,14,5324,1992,1,7478,921,1,6,1169431.2,Basic
11458,96,1,1,31,95286,2010,1,1365,321,0,6,1154040,Luxury
20397,67,0,0,79,29406,1997,0,705,898,1,3,2042985.7,Basic
83206,34,1,0,51,27565,1999,1,9170,327,0,9,8326302.9,Basic
8951,11,1,0,63,32412,1997,1,6189,626,0,1,904889.7,Basic
22854,41,1,0,89,74420,2001,0,6216,481,1,0,2292467.1,Basic
46042,52,0,0,74,45861,2015,1,65,946,0,5,4605791.5,Basic
93506,20,1,0,28,7068,2017,1,5297,306,1,8,9356982.7,Basic
58748,76,0,0,40,20761,2010,0,1627,639,0,2,5875981,Basic
715,71,0,0,23,33439,2010,0,8609,740,1,8,74252,Basic
55327,22,1,0,59,76622,1993,1,7163,504,1,8,5540589.3,Basic
63631,84,1,0,12,31269,2000,0,239,411,1,4,6369055,Basic
77915,99,0,0,21,63942,2018,0,1081,448,0,4,7793915.8,Basic
91804,5,0,0,81,87339,1999,0,8554,930,1,8,9182083.9,Basic
57295,95,0,0,69,32081,1994,1,9771,951,1,7,5731510.4,Basic
61057,65,1,0,77,17051,1998,1,9762,369,1,6,6114671.8,Basic
91626,83,1,0,55,59173,1991,1,2684,101,1,8,9169068.1,Basic
29356,96,1,1,46,4864,1990,1,1780,413,1,3,2948071,Luxury
27134,62,1,0,2,1498,2003,0,3718,357,1,3,2715604.3,Basic
1682,65,1,0,79,7602,2017,0,2590,659,1,4,174918.7,Basic
98868,41,0,1,67,85917,2021,1,2146,623,1,3,9892300.1,Basic
23898,62,1,0,93,73176,1996,0,8256,136,0,1,2399286.6,Basic
83110,43,1,0,75,55046,2001,1,4108,380,1,7,8321631.1,Basic
71154,67,0,1,53,8762,2021,1,8418,706,0,8,7122699.1,Basic
90841,48,1,0,15,25300,2003,0,3333,842,0,9,9086177.3,Basic
68416,87,1,0,48,60979,2010,0,1811,424,0,6,6846709,Basic
47585,95,0,0,5,81532,1993,1,5101,639,0,0,4759724.3,Basic
28452,79,1,0,40,79918,2006,1,388,566,1,2,2850377.6,Basic
15630,78,1,0,4,98750,1996,1,7084,225,1,0,1565985.6,Basic
65900,36,1,1,99,27819,2017,0,2637,452,0,1,6605894.7,Basic
21600,94,1,0,56,85215,2000,0,3129,236,1,3,2166421,Basic
74704,31,0,0,22,93675,1992,1,7463,347,0,9,7472587.2,Basic
87291,78,1,1,42,5950,2017,0,6214,596,1,2,8739254.7,Basic
96687,65,0,1,81,70871,2012,0,2438,695,1,6,9673884.2,Basic
60567,65,1,1,100,39919,2019,1,7010,993,1,0,6071330.9,Luxury
4872,41,0,0,74,79028,1990,1,5851,473,0,6,489455,Basic
9157,48,1,0,53,6500,2009,0,6401,488,0,8,922102.9,Basic
65217,26,1,1,39,96357,2019,0,1374,804,0,10,6531999.9,Basic
87346,56,1,1,82,34773,1990,0,5792,947,1,4,8743241,Basic
47701,26,1,0,46,73572,2001,1,5447,610,0,3,4773352.1,Basic
14766,50,0,1,79,36865,2001,0,8031,643,0,4,1488265.1,Basic
94841,19,1,1,75,11526,1998,1,3157,585,1,6,9498026.8,Luxury
59318,92,0,0,91,68354,2002,0,9413,425,1,5,5939275.2,Basic
1796,28,0,0,4,66676,1997,0,8360,142,0,4,180265.7,Basic
96526,36,1,1,34,61875,2020,0,2131,680,1,0,9661068,Basic
62876,36,0,0,9,90089,2006,0,338,740,1,4,6288117.6,Basic
59558,43,1,1,89,79779,2012,0,9174,712,1,5,5967916.2,Basic
97008,89,0,1,4,11466,2014,1,8321,369,1,0,9703551.4,Basic
66746,6,1,0,10,22139,1997,0,1567,378,1,3,6678869.7,Basic
25776,36,0,0,93,4777,2002,0,688,954,1,10,2582235.2,Basic
96195,97,0,1,64,91809,2018,1,3874,892,0,3,9626665.8,Basic
4805,47,1,1,99,48026,1995,0,2788,839,1,0,486824.5,Basic
23045,21,1,0,75,72570,1990,0,651,607,0,0,2312202,Basic
95441,70,0,1,65,3574,2017,1,2841,404,1,3,9554998.7,Basic
28381,34,1,0,64,44973,2009,1,6737,502,1,2,2847241.9,Basic
15731,34,1,1,37,93825,2003,0,7361,277,0,5,1582940.3,Basic
18966,58,1,0,25,4414,2019,1,2327,823,0,0,1902151.9,Basic
24393,46,1,1,16,18507,2019,0,4080,619,1,2,2449464.9,Basic
53339,67,0,0,11,6144,2013,1,368,312,0,3,5335546.3,Basic
44053,17,1,0,55,70068,2004,1,6586,258,0,3,4413295.4,Basic
70898,98,0,0,92,51635,1994,0,4848,942,1,3,7091863.4,Basic
84483,41,1,0,85,28464,2019,1,6052,651,1,6,8452134.9,Basic
35716,24,1,0,52,77207,2013,1,8821,991,0,10,3574932.3,Basic
64693,64,0,0,81,90290,2013,0,7506,687,0,7,6471378.3,Basic
32593,40,1,0,94,89328,2006,0,2261,871,1,2,3265750.6,Basic
1607,63,1,1,52,32832,2020,1,2844,878,0,7,173112,Luxury
39484,74,0,1,30,6688,1991,1,3172,172,1,9,3954971.1,Basic
32458,28,1,1,20,47125,2015,0,8462,523,1,7,3253846.5,Basic
72243,64,0,1,23,34837,2004,1,4431,752,1,3,7229477.4,Basic
20624,44,1,0,83,50284,1996,0,318,606,0,4,2070369.6,Basic
7443,38,1,0,41,4785,2005,0,3249,503,0,1,748338.5,Basic
78382,41,0,0,14,58781,2020,1,8751,985,1,6,7840062,Basic
70614,15,1,1,100,61317,2010,1,4845,991,0,2,7075926,Luxury
32235,59,1,0,10,76786,2016,1,7388,488,0,10,3225143.6,Basic
2523,12,1,1,67,75753,2015,1,150,949,1,1,260710.5,Luxury
87864,55,0,0,77,48421,2019,1,7834,745,0,9,8790481.9,Basic
18316,97,0,0,3,68804,1991,1,5804,846,1,9,1832673.1,Basic
94471,30,1,1,79,55210,2011,0,1327,285,0,3,9454072.1,Basic
60704,96,1,1,29,18856,2004,0,4505,847,1,2,6080655.4,Basic
54020,4,1,0,64,58230,2013,0,8767,882,1,4,5406334.3,Basic
59612,37,1,0,56,69063,2017,1,5616,914,1,2,5967739.7,Basic
56467,63,0,0,41,28576,1990,1,2743,815,0,0,5649094,Basic
65625,55,0,1,36,89469,2015,0,774,958,1,10,6567597.5,Basic
41570,76,0,1,98,21758,2014,1,3573,486,1,10,4167932.4,Basic
44862,99,0,1,68,58122,1992,0,9383,631,0,3,4493882.2,Basic
47212,37,1,1,81,4826,2001,0,7210,159,0,9,4734236.1,Basic
2840,17,1,0,26,94918,2004,1,6848,294,1,10,288797.4,Basic
40465,85,0,0,100,6023,2004,0,6327,403,1,0,4052600.4,Basic
17191,80,1,1,29,49538,1995,1,3192,716,1,9,1728829.5,Luxury
56480,85,1,0,80,21192,2016,0,8211,532,0,1,5653048.6,Basic
70503,78,0,0,29,72210,2021,1,6819,948,0,4,7051701.1,Basic
4885,100,0,0,54,79559,1993,0,9519,718,0,6,493693.3,Basic
58263,65,1,1,57,39046,2006,0,7942,786,1,3,5840294.6,Basic
47647,52,0,1,6,24285,2002,1,3220,171,1,10,4768169.2,Basic
57916,51,0,0,24,8801,1998,0,3831,356,1,1,5792783.8,Basic
6396,71,0,0,40,28917,2005,1,413,682,0,9,643620.5,Basic
41972,18,0,1,49,40098,1995,1,842,846,0,0,4206464.5,Basic
94311,11,1,0,47,89062,2007,0,3619,868,0,7,9439790.7,Basic
10714,41,0,1,98,23803,1996,0,2598,631,1,6,1075982.6,Basic
11259,26,0,1,82,34780,2010,1,902,125,1,7,1134964,Basic
3534,16,1,1,13,39998,2003,0,5811,900,0,0,359850.3,Basic
52680,10,0,1,79,10177,1991,0,5687,242,0,0,5274696.1,Basic
62711,60,0,0,29,42211,2007,0,4484,329,0,6,6272944.7,Basic
19268,12,1,0,77,38471,2010,1,1133,357,1,3,1938014,Basic
36119,39,1,0,46,16503,2019,0,3958,889,1,3,3620813.9,Basic
28394,53,0,0,7,81916,2003,0,63,328,0,2,2840816.3,Basic
20392,33,1,0,84,53104,2007,0,1256,171,1,2,2046763.7,Basic
7259,25,1,1,39,860,2014,0,6482,537,0,5,735079.4,Basic
28183,81,0,0,52,44087,1993,1,2798,525,1,10,2821593.3,Basic
92188,14,0,1,95,5286,1996,1,61,693,0,0,9227140.6,Basic
29815,28,0,0,77,46462,1995,0,3530,663,0,0,2989048.5,Basic
50219,96,1,0,54,23667,2003,0,8051,965,1,0,5025975.3,Basic
1722,56,0,1,84,27948,2002,1,6240,497,1,2,182838.2,Basic
70399,14,0,1,85,82950,2013,0,8009,255,0,4,7048784.3,Basic
28790,52,1,0,15,13856,2021,1,1238,218,0,4,2883447.1,Basic
92962,7,1,1,37,32437,2000,1,6581,315,0,3,9304587,Luxury
34245,2,1,0,85,50891,2010,1,251,918,1,5,3430728,Basic
54677,64,1,1,94,77132,1996,1,1236,537,1,2,5477618.6,Luxury
74227,84,1,0,5,98736,2000,1,4609,378,0,5,7427853,Basic
94939,46,1,1,48,55155,2009,1,9164,351,1,7,9503765.9,Luxury
48884,58,1,0,32,15276,2010,1,311,729,0,9,4895277,Basic
10638,39,0,0,33,64229,2016,0,3142,138,1,10,1066200.6,Basic
90315,61,1,1,91,21653,1994,1,5604,490,1,7,9044477.4,Luxury
17633,28,0,0,83,83228,2013,1,1644,162,1,2,1767487.3,Basic
63242,45,0,1,18,63066,2017,0,6932,340,1,1,6327623.7,Basic
79344,46,1,1,42,19012,1991,1,8088,744,1,7,7945562.1,Luxury
72093,48,0,1,92,83520,2005,1,4805,148,0,9,7223902.5,Basic
13378,59,1,0,9,2735,2001,1,8171,488,0,7,1342476.1,Basic
47019,35,0,1,9,60947,2020,0,2005,694,1,6,4706162,Basic
34666,75,1,1,14,28826,2002,1,9405,186,1,6,3477313.2,Luxury
93509,28,1,1,62,48468,1992,1,72,731,1,6,9361261.2,Luxury
13583,42,1,0,32,42009,2015,1,4519,911,0,10,1364589.5,Basic
19649,11,0,1,83,87255,1999,1,595,795,1,2,1970018.9,Basic
141,16,0,1,58,42248,1997,1,3411,213,0,4,22670.7,Basic
22821,64,1,1,14,66304,1993,1,2060,491,1,2,2289134.3,Luxury
533,76,1,1,55,94923,2021,1,654,301,0,9,65465.1,Luxury
67020,71,1,1,38,64361,2015,0,3647,640,0,1,6711051.5,Basic
49094,30,1,0,49,90656,2021,0,4934,625,1,8,4916616.1,Basic
25269,88,0,0,92,86720,2019,1,3464,693,1,1,2530193.9,Basic
71989,41,0,0,77,50519,2003,0,7290,337,1,4,7204744.3,Basic
73180,1,1,1,54,38386,2011,0,3340,784,1,10,7325717.1,Basic
18926,58,1,1,84,32618,1998,1,5353,442,1,8,1908217.8,Luxury
6492,76,0,0,88,81044,2018,1,2655,372,0,9,652565.8,Basic
98045,4,1,1,8,78526,2002,0,9321,570,1,0,9814193.2,Basic
51589,83,0,1,43,55528,1998,1,7867,819,1,5,5167451.8,Basic
24390,75,1,0,44,70527,1992,0,7295,235,0,1,2446317.2,Basic
75890,10,0,1,59,33129,2001,0,270,744,0,8,7597786.1,Basic
29220,9,0,1,59,33789,1994,1,391,706,0,0,2929116.4,Basic
72433,57,1,1,18,69864,2001,0,6995,276,1,0,7250644.1,Basic
57467,98,0,0,64,24393,1993,0,661,600,1,2,5749361.3,Basic
81482,76,1,0,9,56103,1997,0,2265,281,0,6,8153070.7,Basic
61346,69,0,1,52,63238,2009,0,7427,207,1,10,6141452.9,Basic
80915,23,1,1,67,46095,1992,1,5351,569,0,0,8104297.2,Luxury
65479,74,0,1,35,99953,2000,0,9347,460,0,10,6552454,Basic
48302,22,1,0,13,82376,2017,0,9855,543,1,1,4833604.7,Basic
76690,21,1,1,99,91395,1990,1,611,181,1,8,7682267,Luxury
14447,39,0,1,23,93847,2002,0,5371,965,0,6,1448447.2,Basic
24213,31,1,1,93,51767,1994,1,1561,653,0,5,2431969.4,Luxury
1843,30,1,1,3,3,2007,1,1313,706,0,5,189919.7,Luxury
78183,65,1,1,86,3648,2007,0,8682,748,1,4,7829898.7,Basic
99323,35,0,1,28,69665,2018,0,6346,280,1,3,9939399.8,Basic
67491,21,0,0,57,5308,2007,1,1253,254,1,0,6750826.7,Basic
2588,82,1,0,69,25395,2016,0,7247,987,0,8,267798.6,Basic
76635,6,1,1,1,73981,1999,0,981,949,1,1,7669791.9,Basic
45070,100,0,0,92,21335,1997,1,1333,885,1,0,4510977.7,Basic
62381,58,1,0,44,22862,2003,1,1809,734,1,6,6243323.3,Basic
98543,2,1,0,44,88249,1992,0,2955,661,0,7,9860222.2,Basic
13972,39,0,0,8,91674,2009,0,1477,952,1,2,1397748.9,Basic
71567,70,0,1,94,64245,1992,0,5968,985,0,4,7166917.2,Basic
36804,99,0,0,12,76338,1996,0,6951,594,1,6,3681839.6,Basic
21297,71,1,1,14,75154,1995,1,8198,111,0,4,2136801.5,Luxury
9950,1,1,0,69,79019,2012,0,3156,174,0,4,1000736.2,Basic
3661,50,1,1,24,1138,2007,1,6186,613,0,7,372556.7,Luxury
88102,51,1,0,70,42082,2016,1,7245,496,1,9,8821018.6,Basic
72596,91,0,0,90,32957,2015,1,9595,156,1,0,7262781.5,Basic
70763,4,1,0,38,18220,2015,1,7098,484,0,9,7082373.5,Basic
12002,58,0,0,41,2764,1995,1,1718,867,1,1,1203664.5,Basic
26146,34,0,1,98,431,2011,1,2060,680,1,7,2627462.1,Basic
13716,62,0,1,98,61202,1990,0,5967,911,0,10,1382883,Basic
23281,32,1,1,52,87667,2020,1,3681,422,1,3,2339782,Luxury
3824,45,1,1,9,11597,2019,0,3191,305,0,0,386574.9,Basic
56086,3,1,0,46,52007,2021,0,2853,863,0,1,5615576.1,Basic
19014,67,1,0,89,82387,1999,0,3330,550,0,6,1912984.9,Basic
80808,59,1,0,1,18733,2004,0,3879,434,0,5,8085990.4,Basic
83602,5,0,1,2,48528,1991,1,8993,496,1,5,8365162.1,Basic
99767,27,0,1,79,46530,2018,1,520,495,1,2,9985836.8,Basic
60675,32,1,0,51,97066,2002,1,5953,260,0,6,6075733.2,Basic
20210,2,1,0,78,77066,2007,1,2811,218,0,4,2029228.7,Basic
28694,82,0,0,20,44298,1991,1,3206,310,1,3,2870499.1,Basic
45521,53,0,0,32,26627,1991,1,8643,670,0,7,4554205.1,Basic
55727,46,0,0,77,94339,2016,0,5811,183,0,2,5574845.6,Basic
17307,20,1,0,66,81794,2006,1,2317,692,0,2,1740869.6,Basic
86474,98,0,0,33,50147,2004,0,1928,220,0,7,8649993.4,Basic
6012,53,1,0,38,96011,2013,1,392,423,0,4,607323.3,Basic
6617,51,0,0,38,26766,2010,1,7115,248,0,10,663333,Basic
34061,43,0,0,90,26346,1993,0,1616,534,1,9,3407529.3,Basic
12881,12,1,0,68,85503,2006,0,8654,920,1,0,1293712.6,Basic
48458,82,1,0,72,98206,2002,1,5447,308,0,6,4851198.2,Basic
89618,49,1,0,36,30029,2006,0,4321,752,1,0,8969519.6,Basic
10369,30,1,0,68,51049,1999,0,9629,383,0,10,1044857.9,Basic
21865,24,0,1,79,50297,1993,0,2324,932,1,3,2191960.3,Basic
30817,48,0,0,63,26230,2013,0,2444,961,1,3,3086005.3,Basic
8808,85,1,0,37,93756,1998,1,9287,416,0,5,888730.8,Basic
16006,69,1,1,26,6423,1990,1,3565,405,1,3,1610901,Luxury
70517,37,0,0,1,67679,2002,0,9373,184,1,5,7052408.2,Basic
55592,68,0,1,10,80811,2021,0,7719,372,1,0,5564877.1,Basic
10978,17,0,1,55,25000,2015,0,9798,481,1,6,1103882.5,Basic
94388,7,1,0,81,41690,1996,1,7739,741,0,8,9446167.6,Basic
18041,90,1,0,99,90750,2006,1,1064,221,1,3,1817658.6,Basic
18220,91,0,1,97,50508,2013,1,2604,838,1,2,1833031.3,Basic
39342,7,1,1,84,88712,1994,0,1003,385,1,2,3946165.4,Basic
66570,59,0,0,2,85412,2008,1,2628,754,1,6,6657976.8,Basic
34592,100,0,1,33,63748,1994,1,7356,264,1,5,3465076.4,Basic
38700,25,1,1,26,101,1996,0,5100,956,1,8,3880396.6,Basic
32060,25,0,1,97,43201,2017,0,9618,814,0,8,3211741.7,Basic
8305,86,0,0,83,36778,2001,0,1648,766,0,4,838488.1,Basic
40080,50,0,0,82,11062,2018,0,5973,484,0,0,4011225.8,Basic
89335,66,1,1,54,25219,2004,0,9808,425,0,8,8938823.4,Basic
78546,92,0,1,84,52906,1991,0,978,530,1,4,7864949.1,Basic
50066,63,0,1,67,81340,1998,0,8716,465,0,1,5015729.8,Basic
37008,61,1,1,75,13250,2013,1,309,463,0,7,3708694.3,Luxury
32876,98,1,1,32,48832,2008,1,3289,121,0,8,3299047.8,Luxury
98266,14,1,1,42,27552,1990,1,6293,1000,0,9,9838529,Luxury
53665,66,1,1,81,16527,2002,1,1788,204,1,8,5379979.2,Luxury
33469,98,1,1,91,29874,2016,0,6871,293,0,8,3362757.6,Basic
42578,49,1,1,23,3339,2013,1,6690,964,1,6,4264812.3,Luxury
64329,25,1,0,44,54901,2019,0,7313,634,1,5,6436473.9,Basic
29512,96,0,1,26,49748,2012,1,6556,170,0,9,2955396.2,Basic
241,78,0,1,50,86182,2013,0,4070,962,0,7,29643.3,Basic
32709,47,1,1,80,86465,2006,0,2548,162,0,5,3284181.6,Basic
29271,70,0,1,98,33402,2021,1,3470,429,0,6,2938810.1,Basic
15542,19,0,0,27,48610,1996,0,563,615,0,5,1556824.6,Basic
94951,52,0,1,80,45083,2014,1,4121,261,1,3,9498811.4,Basic
12296,54,1,0,45,44308,2008,1,1449,127,1,0,1233872.8,Basic
42390,17,0,0,96,16776,2001,0,7796,462,1,0,4245306.1,Basic
2157,22,0,0,93,68218,2021,0,5209,799,0,9,222104.1,Basic
70576,66,1,0,7,75420,2013,0,6411,684,1,9,7061024.3,Basic
22232,24,0,1,52,20211,2005,1,135,882,1,8,2230267.5,Basic
31368,78,1,0,86,96715,2007,1,6510,682,1,0,3142605.7,Basic
2713,76,0,0,19,66674,2000,1,3827,880,1,1,273858,Basic
40939,60,1,0,6,67333,2017,0,9386,956,0,8,4097363.7,Basic
84892,59,0,0,46,1488,2007,0,271,556,1,3,8492982.7,Basic
43332,60,0,1,24,16226,2002,0,9557,321,0,4,4336691.2,Basic
39445,100,0,0,66,31733,1990,1,1391,992,0,10,3947777,Basic
82032,78,1,0,64,11922,2004,0,6972,883,1,8,8209534.4,Basic
813,45,0,1,15,52891,1998,1,4226,633,0,7,84647.8,Basic
43432,44,0,1,34,780,2010,1,2077,377,0,6,4347238,Basic
80988,34,0,1,57,56385,2015,0,8135,321,1,10,8104253.5,Basic
99444,68,1,0,60,93693,2021,1,5643,834,0,5,9947284.1,Basic
37618,57,0,0,45,59333,2008,0,3892,638,1,9,3766350.8,Basic
63973,18,1,0,78,40739,2002,0,6770,937,1,10,6405935.2,Basic
99107,54,0,1,65,88495,2018,0,5522,194,1,3,9916550.8,Basic
71519,12,0,1,80,24484,2012,0,9982,800,1,2,7156303.2,Basic
91841,77,0,0,14,19103,2011,0,8782,955,0,0,9185367.1,Basic
28467,98,1,1,70,90596,2019,0,4314,658,1,10,2855561.9,Basic
77075,52,1,0,11,13884,2002,1,1768,430,0,4,7713855.2,Basic
91776,26,0,0,72,92099,2001,1,1303,712,1,4,9184100.1,Basic
69948,45,1,1,59,38826,2017,0,5632,301,0,3,7006951.7,Basic
68593,3,1,1,65,78866,2021,0,5603,540,1,7,6867934.1,Basic
56774,50,1,0,23,45524,1995,1,5989,469,0,3,5682955.5,Basic
84577,63,0,1,64,43522,1991,1,9411,400,0,0,8467175.1,Basic
78835,77,0,0,84,40276,2002,1,1071,771,0,1,7887862.2,Basic
59073,82,0,1,38,50312,2003,1,8036,303,1,2,5909662.3,Basic
6704,83,1,1,59,94479,2012,1,7171,822,1,1,682123.2,Luxury
20968,48,1,0,6,39273,1992,1,3747,656,1,6,2100783.2,Basic
64244,20,1,0,82,89404,2021,1,5461,426,0,6,6435074.1,Basic
54133,1,0,1,89,49508,1993,1,2192,195,0,2,5426671.3,Basic
90842,60,1,1,25,25975,1995,0,3501,152,0,5,9092168.5,Basic
51780,83,0,0,88,3391,2021,0,540,879,0,4,5184160.1,Basic
38722,91,1,0,22,20239,2008,1,4316,738,0,2,3876450.8,Basic
51127,85,1,0,66,53060,1996,0,391,127,0,5,5119947.6,Basic
31802,100,0,0,80,6094,1990,0,3049,476,1,10,3184469,Basic
26770,8,1,1,69,79970,2016,1,6924,940,1,2,2687139.6,Luxury
63839,58,1,1,2,92707,2019,0,6200,302,0,6,6389327.9,Basic
56181,76,0,1,98,27961,1996,0,4581,953,0,7,5630006.6,Basic
91757,82,0,0,78,92525,2012,1,5258,628,0,6,9182239.2,Basic
54200,51,0,0,43,34559,2010,1,9853,869,0,3,5423195,Basic
29788,61,0,0,68,65901,2011,1,6551,782,0,1,2983377.1,Basic
29180,7,1,0,1,71840,1999,0,3218,753,1,10,2923248.9,Basic
30630,62,0,1,65,24522,1996,0,2190,965,1,4,3072463.6,Basic
81114,23,0,1,89,34182,2007,1,1629,813,0,9,8118084.7,Basic
96016,48,0,1,35,76744,1998,0,269,300,1,1,9605401.8,Basic
8977,53,0,1,62,91218,2014,0,5865,250,1,5,905963.4,Basic
92508,60,0,0,88,67387,2006,1,1551,271,1,4,9257332.6,Basic
38804,18,1,0,45,39560,2000,0,5441,925,0,1,3885083,Basic
34830,92,1,0,85,74921,2003,1,3930,833,1,2,3488181.3,Basic
48540,42,0,0,27,98742,2016,1,5751,489,1,4,4856286.6,Basic
25680,51,1,0,11,39163,2009,0,8681,829,1,2,2573981.9,Basic
73224,66,0,0,74,2142,2021,1,7771,941,0,3,7330502.1,Basic
29589,45,1,1,76,83674,2006,1,3703,130,0,1,2973362.6,Luxury
96469,21,1,0,13,7761,1994,0,7532,416,0,8,9651382.4,Basic
35039,19,0,1,22,4336,1994,0,2052,979,1,3,3511457.4,Basic
99592,47,1,0,61,41554,1997,1,9635,360,1,3,9963329.7,Basic
70433,41,1,0,1,59694,2018,0,3499,160,0,4,7045037.8,Basic
73644,18,0,0,7,87197,1998,0,4485,345,0,4,7365392.8,Basic
77211,47,0,1,84,2192,2006,0,5620,554,1,4,7725844.6,Basic
36429,8,0,1,29,15705,2019,1,9275,152,0,0,3651244.9,Basic
90334,44,1,0,6,81833,1990,1,2390,413,1,4,9037622,Basic
51993,59,1,1,33,34373,2013,0,7531,891,0,6,5208507.3,Basic
44476,27,0,1,13,14585,2013,0,9906,101,0,2,4450503.3,Basic
31661,52,0,0,18,95986,2020,1,7968,249,1,8,3168722,Basic
68275,93,0,1,54,82905,2020,1,3586,104,1,6,6833270,Basic
85429,60,1,1,57,75588,2016,1,1421,405,0,8,8553293.6,Luxury
90162,71,1,1,27,52536,1992,1,2569,909,1,1,9023922.2,Luxury
81619,82,1,1,70,53446,2014,0,1562,478,0,10,8173020.4,Basic
65324,7,0,1,8,53047,2009,0,9016,549,0,7,6538401.9,Basic
4368,85,0,1,29,46782,2021,1,4055,713,1,6,443641.1,Basic
24525,35,0,1,73,78932,2009,0,154,445,0,6,2461959.9,Basic
20949,5,1,1,22,26964,2013,0,3137,747,0,10,2102983.3,Basic
23609,14,0,0,68,24913,2017,1,6808,468,0,3,2364571.7,Basic
68084,35,0,0,8,40586,2009,0,9896,158,0,9,6809686.9,Basic
73406,72,1,0,75,77874,2007,0,6128,915,0,2,7351988.7,Basic
50638,65,1,0,54,62598,2016,0,4071,916,1,6,5068736.6,Basic
5457,32,0,0,12,5443,1992,1,4286,215,1,2,547357.2,Basic
73337,30,0,1,5,90306,2005,0,9487,949,0,5,7337758.5,Basic
95339,87,0,0,15,70589,2003,1,4878,142,1,3,9535650.3,Basic
63237,8,1,0,49,23635,2009,1,6344,197,0,5,6330589.9,Basic
30831,27,0,0,13,37790,1998,1,173,966,1,8,3084723.8,Basic
57897,21,1,0,96,98705,1993,0,3678,910,0,6,5801637.3,Basic
87418,73,0,0,7,26313,1995,1,8759,203,1,10,8743030.5,Basic
20640,17,0,0,91,21471,2015,0,5011,736,1,0,2073310.5,Basic
35634,77,0,1,50,21065,1998,1,8120,462,0,1,3568972.8,Basic
87156,49,1,0,44,94383,2019,0,5224,798,0,9,8722474.9,Basic
80556,1,0,1,54,3902,1991,0,9757,650,1,7,8062244.1,Basic
70942,36,1,1,28,34429,2019,0,7964,265,0,3,7102693.9,Basic
38688,76,1,0,80,73628,2012,1,5616,155,0,2,3877141.2,Basic
83937,30,0,0,85,50195,2012,0,7175,933,0,1,8396191.2,Basic
92655,54,0,0,77,12209,1996,0,4932,765,1,4,9267281.6,Basic
35110,28,1,1,84,7687,1995,1,9928,439,0,0,3526172.5,Luxury
61208,51,1,0,39,86241,2021,0,4494,112,1,10,6126371.1,Basic
47781,49,0,0,37,16377,1993,1,6426,993,1,4,4779776.3,Basic
23737,25,1,1,11,58841,2003,0,4514,997,0,0,2380599.3,Basic
83460,34,0,0,69,23734,2017,0,3231,841,1,10,8347291.7,Basic
55736,64,1,1,47,59881,2017,1,5234,672,0,2,5582770.7,Luxury
15429,27,1,1,46,73305,1991,0,1436,164,0,0,1550188.1,Basic
74290,38,1,0,8,52850,2006,0,6893,624,0,10,7433059.6,Basic
85256,68,0,0,45,56640,2019,0,2638,403,1,0,8530096.9,Basic
9380,11,1,0,97,52987,2013,0,691,754,0,1,945451.3,Basic
13414,59,1,1,16,81829,2014,1,6223,477,0,5,1350225.4,Luxury
91716,7,1,1,97,69278,2006,1,9715,352,1,4,9184104.6,Luxury
95828,54,1,0,62,76615,1994,1,1745,269,1,4,9589468.4,Basic
98478,7,0,1,19,44583,2007,1,3514,867,0,2,9852730.7,Basic
70874,99,1,1,51,11943,2011,0,6049,428,0,2,7097321.1,Basic
78217,78,0,0,73,34686,2003,0,7391,907,0,2,7828401.3,Basic
81101,65,0,1,87,46040,2017,0,5698,233,1,4,8118370.7,Basic
46883,49,0,0,53,80204,2009,1,9286,845,1,3,4691844.9,Basic
69319,38,0,0,89,39675,2019,0,1787,731,0,8,6936067.9,Basic
95288,45,1,1,80,81916,2010,1,3179,520,1,2,9543817,Luxury
50589,75,0,0,52,82206,2008,1,3824,185,0,9,5061508.8,Basic
65155,69,1,0,46,26367,1994,0,4546,654,0,3,6521547.4,Basic
6049,99,0,0,37,21569,2000,0,3872,944,0,8,608869,Basic
25386,30,1,0,35,96357,2001,0,5449,343,1,8,2543209.1,Basic
1270,53,0,0,66,78847,1991,1,6093,618,0,6,131117.1,Basic
88561,37,1,0,49,11254,1994,1,4582,726,1,1,8860454.4,Basic
71676,13,1,1,49,34,2009,1,1318,283,1,6,7178514.9,Luxury
82016,15,0,0,93,96050,2014,0,839,680,0,9,8211272.4,Basic
21698,75,1,1,59,79997,2001,0,518,331,0,2,2179801.1,Basic
476,14,0,1,52,24467,2019,1,6630,880,1,6,57103.9,Basic
16114,98,1,1,25,32522,2020,1,3474,460,1,1,1620468,Luxury
55707,7,0,0,33,55496,2014,0,9279,417,1,3,5573001.4,Basic
53633,48,1,0,43,58011,2010,1,6352,774,0,6,5370339,Basic
29578,2,0,0,5,71220,2003,1,9253,489,0,9,2959100.3,Basic
51757,95,0,1,23,1745,2009,0,9496,943,1,6,5178222.9,Basic
80386,41,1,1,4,46734,1994,1,9196,521,0,3,8045146.4,Luxury
60136,32,0,1,54,20364,1995,0,8341,152,1,4,6020434.5,Basic
15850,99,0,1,96,87877,2010,0,5326,501,0,1,1596900,Basic
29362,2,0,1,44,7356,2000,1,1979,424,1,9,2940727,Basic
60366,51,0,1,26,88209,2005,0,8647,687,0,2,6042370.5,Basic
9167,32,1,0,69,85421,1994,1,6444,219,1,7,923577.4,Basic
18586,93,0,1,16,30288,1997,1,7588,324,1,8,1862622.7,Basic
69443,27,0,1,30,60701,1993,0,7624,294,1,1,6947198.3,Basic
21015,37,1,0,97,43938,1993,0,2865,527,0,9,2107213.3,Basic
79337,83,0,0,70,55727,2016,1,9559,918,1,5,7940161.6,Basic
84947,54,0,0,68,53510,2014,1,1588,675,1,1,8498951.4,Basic
99665,16,1,1,52,17077,1990,1,136,392,1,9,9976093,Luxury
25493,31,0,0,97,43440,2017,1,6999,187,1,3,2555724.7,Basic
50580,57,1,1,76,7583,2008,1,1593,678,1,1,5072667.8,Luxury
71040,40,0,1,49,27973,2015,0,6467,644,0,6,7110801.5,Basic
63320,3,1,1,3,13015,1993,1,4182,126,0,8,6338701.3,Luxury
50465,68,0,1,62,56602,1994,0,3513,401,1,3,5051447.4,Basic
65919,40,1,0,82,30941,2013,0,8500,707,1,1,6596228.3,Basic
76489,43,0,1,27,44513,1992,1,2458,601,1,8,7655928.2,Basic
50093,89,0,1,5,46453,2009,1,6873,536,0,10,5013597.9,Basic
50118,80,1,0,76,39767,1998,0,7483,687,0,0,5016630.8,Basic
25309,28,1,0,53,64682,2012,1,923,358,0,9,2535294.2,Basic
98191,17,1,0,77,90287,2020,1,6782,660,0,4,9828436,Basic
1607,10,1,0,46,50693,2004,0,8175,923,1,9,167249.4,Basic
4410,37,1,0,37,84761,2004,0,9410,326,1,7,444238.4,Basic
2374,41,1,1,85,46686,2018,1,6959,804,1,5,249562.8,Luxury
94990,23,0,1,47,26015,2018,0,2531,725,0,9,9504433.8,Basic
18281,9,1,0,76,89508,2016,0,9815,343,0,4,1840231.6,Basic
64879,80,0,1,12,40356,2021,0,5685,914,1,1,6491104.1,Basic
54812,88,0,0,27,48822,1990,0,8509,823,0,7,5482093,Basic
605,29,1,1,66,47766,2005,0,2938,656,0,2,71250.5,Basic
27253,19,1,0,81,17039,2010,0,9476,464,1,1,2736783,Basic
17357,42,0,0,20,39233,1998,1,5688,221,0,4,1738079.8,Basic
54097,26,0,0,98,42242,2016,0,6986,181,0,5,5416865.6,Basic
95281,22,1,0,8,17132,1990,1,5252,537,0,1,9533000,Basic
69440,90,0,1,76,59457,2004,0,3678,520,0,2,6950509.4,Basic
44395,1,1,0,1,15234,2012,1,8789,685,1,3,4443692.2,Basic
48270,60,1,1,85,81900,2010,0,6828,935,0,6,4838349,Basic
30572,24,0,0,56,32061,2008,0,171,401,1,2,3058110.8,Basic
63719,35,0,1,25,12297,1992,0,2342,794,1,0,6375632.2,Basic
45827,61,1,1,60,26520,2006,0,2199,240,1,6,4590725.6,Basic
70488,61,1,0,35,67659,2020,0,7391,345,0,10,7054483,Basic
79822,67,1,0,30,76857,2003,0,5413,706,1,2,7987847.3,Basic
27171,63,1,0,93,64977,1997,0,1981,681,1,9,2724534.7,Basic
58330,58,1,1,2,26565,1992,0,473,186,1,10,5837640.2,Basic
87826,10,1,0,45,95822,1997,1,5553,711,1,2,8790247.7,Basic
49389,13,0,0,10,64991,1993,1,8664,646,1,6,4940959.3,Basic
56931,60,1,0,91,8545,1994,0,3285,905,1,5,5704458.4,Basic
66503,73,1,1,13,15190,1990,1,6051,137,0,1,6655758,Luxury
88112,77,0,0,68,6319,2021,1,9760,882,0,6,8813820.1,Basic
43587,83,0,0,26,7076,2005,1,8824,591,1,3,4360172.5,Basic
86152,44,0,0,48,74404,1992,0,8176,500,0,1,8619787.2,Basic
81573,98,1,0,57,30003,1992,1,808,749,0,10,8163076.2,Basic
72599,43,0,1,23,29526,2007,0,4841,315,1,0,7262443.7,Basic
43876,42,0,0,43,78995,1993,0,1242,496,1,3,4388329.3,Basic
10040,100,1,1,98,88378,1994,0,6306,396,0,8,1010790.4,Basic
40177,38,0,0,12,47156,1991,1,5711,172,1,10,4019219.1,Basic
21703,86,1,1,90,82410,2019,0,843,802,0,6,2183649.9,Basic
57236,87,0,1,96,11180,2020,1,7873,146,1,1,5730262,Basic
17863,1,1,1,33,7350,2009,0,7268,774,1,5,1795013.9,Basic
85272,89,1,0,34,1813,2005,0,7286,359,1,3,8531221.5,Basic
91931,38,1,0,42,61701,2016,0,3013,139,0,4,9197803.6,Basic
29411,26,1,0,53,64099,2017,0,1681,181,1,1,2948395.7,Basic
37163,4,0,0,22,19102,2014,1,9497,136,0,1,3718311.4,Basic
26440,41,0,1,58,94901,2016,0,5613,132,0,5,2651410.6,Basic
9868,89,0,0,53,27902,2003,1,4813,549,0,3,992632.3,Basic
55250,31,1,1,3,43094,1995,0,9389,568,0,4,5534691.5,Basic
1121,9,1,1,80,18753,1990,0,2530,389,1,8,126775,Basic
26528,31,1,0,49,78028,2012,1,190,788,1,2,2660108.2,Basic
18362,100,1,0,33,86705,2019,1,5521,241,1,6,1842236.9,Basic
40581,99,1,1,82,48665,2008,1,5782,428,0,10,4068225.8,Luxury
89084,34,1,0,9,56568,2010,1,4675,570,1,1,8911966,Basic
90643,77,1,0,55,46178,2012,0,4659,780,0,1,9074993.2,Basic
70868,70,1,1,39,12324,2005,1,821,348,0,1,7096273.5,Luxury
17252,90,0,0,23,58659,2000,0,3183,357,0,10,1726850,Basic
45647,17,1,1,100,31458,2019,1,3554,713,0,6,4580938.9,Luxury
64654,34,1,0,33,12031,1992,1,4245,563,0,3,6471114.2,Basic
87668,58,0,0,56,18473,2017,1,9625,590,1,6,8769343.7,Basic
97688,60,0,1,25,42775,1990,0,8847,158,1,0,9775672,Basic
5468,75,1,0,78,10625,2002,1,375,976,1,9,553320.2,Basic
63509,72,0,0,53,77958,2006,1,6679,591,0,0,6356517.6,Basic
98262,60,0,0,14,79444,2001,0,1889,660,1,0,9827936.1,Basic
67735,36,0,1,24,79577,2020,0,3289,113,0,2,6777979,Basic
19728,97,1,0,85,49642,2018,0,4778,289,1,2,1977828.8,Basic
39191,71,0,0,21,29174,2011,1,142,633,1,10,3921295.1,Basic
34585,34,0,1,99,41029,2018,0,9137,675,1,6,3471454.8,Basic
56666,13,0,0,63,80634,2000,1,6911,543,1,9,5671002,Basic
4920,96,1,1,67,72459,1993,1,681,598,0,2,498937.3,Luxury
23043,69,0,0,55,20666,2007,0,9610,971,0,10,2309235.7,Basic
86042,64,1,1,7,66703,2010,1,438,466,0,8,8610684,Luxury
84978,63,1,1,65,50078,1990,0,9649,212,0,9,8508647,Basic
66940,95,0,1,16,77329,2016,1,691,118,1,7,6700142.6,Basic
69592,68,1,0,10,94229,2000,1,6283,811,0,7,6964235,Basic
46558,52,0,1,28,59297,2009,0,3828,102,0,10,4663394.9,Basic
30925,18,1,1,83,91239,2016,1,747,218,0,3,3104280.6,Luxury
39975,97,0,0,72,86063,2016,1,2361,452,0,8,4005185.6,Basic
8808,9,1,1,15,13333,2014,0,7170,397,1,7,887645.4,Basic
7131,88,1,1,20,22245,2005,1,231,120,1,4,719772.5,Luxury
49063,35,0,0,81,53623,1991,1,9416,972,0,7,4909260.1,Basic
79093,89,1,1,63,31911,2014,1,2848,533,0,9,7915505.4,Luxury
95157,76,0,1,86,13430,2002,1,8416,798,1,6,9527400.2,Basic
43412,3,1,1,68,42196,2010,1,911,936,1,3,4352882,Luxury
23127,72,1,1,98,75970,1995,0,7989,237,0,8,2327821.5,Basic
63397,52,1,1,17,54284,2003,1,9719,360,0,3,6344621.3,Luxury
6078,67,0,1,22,19159,2004,1,2248,161,1,0,614702.4,Basic
70367,63,1,0,19,82251,2015,0,8131,635,1,0,7043100.5,Basic
31471,3,0,0,34,90619,2020,0,6093,687,1,5,3149214,Basic
84503,53,1,1,10,75818,2004,1,1017,332,0,4,8455991.4,Luxury
25661,18,0,0,10,37780,2004,0,1752,240,1,2,2567320.4,Basic
65823,2,0,1,40,30868,1999,1,5338,655,1,10,6587187.9,Basic
40351,20,0,0,21,39793,2006,0,2129,732,1,5,4037323.6,Basic
65816,36,0,1,56,48668,1999,1,510,523,1,6,6590874.9,Basic
9897,83,1,0,55,55819,1997,0,4632,373,1,3,997040.7,Basic
74556,36,1,0,30,19713,2021,0,8074,729,1,0,7461430.1,Basic
77324,66,0,1,96,49817,2000,1,2278,726,1,0,7746689,Basic
19054,27,1,1,64,59992,2017,1,9531,968,0,3,1915949.7,Luxury
19467,61,0,0,69,64898,1995,0,7723,425,1,2,1953949.5,Basic
23917,57,0,0,92,79479,1992,1,7268,272,1,6,2396597.2,Basic
27581,56,0,0,54,43343,2008,0,131,271,0,9,2763880.8,Basic
7021,94,1,0,18,29269,1998,1,8494,431,1,1,707889.8,Basic
86898,10,1,1,54,81981,2007,0,2837,633,0,5,8700597.7,Basic
35752,37,1,1,88,40954,2004,0,4770,593,0,5,3584645.4,Basic
80254,5,0,0,84,14987,2004,1,4601,312,1,4,8032718.4,Basic
43729,50,1,1,78,86433,1990,0,6886,213,0,3,4386441,Basic
14296,27,1,1,21,42471,1991,0,1023,690,1,10,1438655.1,Basic
60263,14,0,0,29,71839,2002,1,4041,955,0,6,6027298.2,Basic
56348,39,1,1,64,74517,1993,0,7815,100,0,4,5645570.3,Basic
20462,4,0,1,27,61133,1999,1,7946,725,0,9,2051424.9,Basic
35966,4,0,1,35,51110,2009,1,9879,276,0,3,3600448.9,Basic
23790,55,1,1,70,90089,1997,0,113,725,0,6,2387891.7,Basic
62563,35,1,1,66,37064,1994,1,6669,351,1,7,6268203.4,Luxury
74693,98,1,0,57,69975,1997,1,5655,386,1,8,7476380.7,Basic
69815,68,1,0,96,33939,2001,1,4764,382,1,8,6994868.1,Basic
31372,70,0,1,71,45055,2000,0,9133,952,0,1,3141888,Basic
47377,91,1,1,12,93863,2015,0,6751,158,1,4,4742430.5,Basic
21748,5,0,1,29,75041,1991,1,6703,812,0,10,2180962.1,Basic
74938,28,0,0,31,57629,2020,0,23,670,0,6,7496677,Basic
84747,97,0,1,86,50495,2014,1,7441,404,0,7,8483566.4,Basic
52843,75,1,1,50,53689,2004,0,5877,358,1,3,5291087.4,Basic
94638,50,0,0,32,80383,2014,1,8047,870,1,10,9465407.4,Basic
57035,7,0,1,24,19018,1998,1,21,657,1,7,5710846.8,Basic
10031,44,1,0,2,46452,2004,1,3770,576,0,0,1007605.4,Basic
87362,50,0,1,25,87149,1995,0,3967,268,0,7,8743936.5,Basic
50571,39,1,1,24,80108,1998,0,4018,631,1,0,5063431.8,Basic
69918,32,1,0,11,43369,2005,0,2569,758,1,2,6995676.5,Basic
42217,74,1,1,83,58719,2009,1,752,710,0,5,4228208.9,Luxury
76907,10,0,1,87,41867,1997,0,8945,142,1,10,7694726.7,Basic
15500,92,0,1,98,81088,2020,1,9577,255,0,7,1554517,Basic
53304,47,1,0,79,78668,2012,1,3069,541,0,2,5337897.2,Basic
1973,1,1,0,21,19624,2000,1,2316,932,0,9,201809,Basic
91112,51,1,1,9,59209,1991,0,7857,948,0,1,9121414.1,Basic
76204,60,1,1,8,37849,1990,0,3727,540,1,7,7628150,Basic
97471,74,1,0,90,32462,2013,1,7429,629,0,6,9756243.3,Basic
88887,9,1,1,28,43521,1995,1,9176,956,1,7,8897254.5,Luxury
38490,14,1,0,8,11235,2017,1,9018,825,0,3,3853460.7,Basic
72450,63,1,0,71,15715,2008,1,4116,787,0,9,7250244.8,Basic
88367,5,0,0,7,36833,2018,0,8489,430,0,7,8837449.8,Basic
30782,99,1,0,48,64577,2020,1,9701,783,0,9,3082971,Basic
5033,58,0,1,28,57432,1991,1,749,279,1,8,508665.1,Basic
26519,33,1,1,42,19068,2014,0,4604,651,1,1,2656599.4,Basic
65934,29,1,0,51,98414,2007,1,7680,721,1,0,6597942.7,Basic
98106,98,0,0,3,47065,1992,1,8617,616,0,1,9811465.2,Basic
6577,9,0,1,68,82346,2006,1,9468,604,0,4,662852.6,Basic
18250,16,0,0,82,7383,2011,1,7751,565,1,2,1829113.1,Basic
40783,48,0,1,80,81432,1992,1,9162,838,0,10,4086725.2,Basic
33156,15,0,1,43,52491,1994,0,2108,696,0,3,3323470.4,Basic
47523,89,0,0,89,48868,2006,1,526,142,0,10,4760526.6,Basic
79604,30,0,1,4,23402,2016,1,9575,909,0,2,7965563.6,Basic
95762,64,1,0,63,24349,2004,0,5198,882,1,2,9583086.4,Basic
31317,91,1,1,25,86804,1995,1,2463,543,1,5,3142581.5,Luxury
788,53,0,0,53,24590,2014,1,8046,973,1,8,82042.4,Basic
41188,30,1,0,62,20895,2012,0,33,361,1,1,4122637.2,Basic
62282,35,0,0,44,12448,2010,1,80,139,1,10,6229623,Basic
45979,46,0,1,2,78140,2004,0,7620,571,0,6,4600373.4,Basic
35828,77,0,0,3,85172,1998,0,795,811,1,1,3583375.8,Basic
84540,21,0,0,64,38246,2007,0,5869,145,0,2,8455482.7,Basic
70288,78,1,0,28,15319,2011,1,1864,706,1,7,7034567.1,Basic
44681,63,1,1,80,80786,1995,0,9413,537,0,1,4480399.5,Basic
8856,96,1,1,38,77863,1996,1,4044,770,1,3,895829.6,Luxury
45730,11,0,1,99,22913,1998,0,1919,116,0,10,4583276.8,Basic
59478,22,0,0,68,93765,1992,1,3355,253,1,8,5950543.2,Basic
31692,7,1,0,36,37726,2007,0,1694,489,0,2,3172857.7,Basic
58737,66,1,1,62,60814,2014,0,8827,224,1,0,5882539.4,Basic
32100,79,0,1,39,34468,2017,1,1482,932,0,6,3213786.7,Basic
67663,1,1,0,49,17835,2014,0,7856,725,1,2,6775397.4,Basic
59810,64,0,1,56,25278,2016,0,5202,445,0,1,5991500.6,Basic
86186,85,0,0,36,58102,2010,0,2790,539,1,6,8620785,Basic
38030,53,0,0,4,13524,1990,1,7981,564,0,2,3803961,Basic
48331,2,1,1,42,1284,2019,0,2820,112,0,9,4839984.9,Basic
27856,34,0,1,98,93709,2016,0,7117,194,0,9,2795386.6,Basic
70976,84,1,0,44,79617,2018,0,9962,544,1,4,7101406.8,Basic
90180,91,1,0,63,1400,2014,1,9500,800,0,8,9023962.4,Basic
54646,10,1,0,98,12446,2017,0,4716,383,0,10,5479242.7,Basic
42024,72,0,1,9,22621,2003,0,4645,430,1,9,4205806.3,Basic
8969,72,1,1,92,69766,2013,1,781,627,1,9,908919.3,Luxury
38926,58,1,1,7,41410,2007,1,5001,729,0,6,3902208.7,Luxury
80419,55,0,0,31,72171,1998,1,1333,465,1,3,8043741.8,Basic
5585,61,1,1,76,89016,2019,0,6421,926,0,5,564773.9,Basic
91651,97,1,0,95,28499,2016,1,9071,175,1,9,9172889.6,Basic
5443,17,0,1,39,35512,2000,1,7932,716,1,3,549119,Basic
15355,1,1,1,30,10908,1992,1,6587,551,1,10,1544783.2,Luxury
6963,11,0,1,65,54919,1995,0,2829,589,0,2,703519.5,Basic
77261,32,0,0,18,67401,1997,0,5565,640,1,5,7727179.7,Basic
26694,68,0,0,72,75658,1994,1,7808,852,0,4,2672253.4,Basic
79744,36,1,0,50,92605,2012,1,1480,108,1,0,7979395.2,Basic
32084,20,1,0,71,72927,2015,1,2309,851,1,10,3214809.5,Basic
93703,46,1,0,56,33926,2018,1,9314,546,1,6,9377879.8,Basic
78984,62,1,1,89,57806,2014,0,1199,165,1,2,7910102.4,Basic
369,25,0,0,92,58183,2003,0,9608,419,1,7,39316.3,Basic
10697,16,0,0,95,41131,2009,0,1114,256,1,7,1074445.9,Basic
13349,65,0,1,18,3147,2004,1,6039,602,1,4,1339458.4,Basic
25791,74,0,1,10,65096,2015,1,716,302,0,5,2582155.5,Basic
96687,11,1,0,61,31414,2016,0,9115,806,1,5,9676763.6,Basic
41083,69,1,0,62,90286,2017,0,4279,683,0,10,4114499.7,Basic
63078,38,1,1,35,74374,2005,1,5369,769,1,2,6316522.5,Luxury
33935,12,0,0,86,30349,2015,1,7274,626,0,0,3400557.5,Basic
30104,88,0,0,88,120,1996,0,3551,577,1,5,3016757.6,Basic
44414,70,0,0,94,54108,2003,1,8675,933,1,0,4449908.3,Basic
95116,9,1,0,28,92387,2000,1,4404,436,1,3,9518424,Basic
16996,89,1,0,52,56372,2005,0,7922,956,1,8,1708754.5,Basic
15290,77,0,0,97,58566,2009,0,4588,218,1,8,1533827.9,Basic
57562,87,0,0,7,80004,2018,0,6694,388,0,9,5756919.8,Basic
22786,23,0,0,81,51461,1991,1,1188,107,1,6,2281031.1,Basic
84540,46,1,0,66,296,1990,1,817,635,0,4,8459024,Basic
41168,99,0,1,11,53471,1992,1,5717,888,0,9,4123023.2,Basic
33622,77,0,1,73,93239,2014,1,8902,340,0,1,3371927.4,Basic
66878,22,0,0,41,3743,2016,1,1400,763,0,2,6692131.6,Basic
9815,96,1,1,24,19588,2010,0,6449,201,0,6,989932,Basic
81392,34,0,1,10,91918,2009,1,3061,772,1,3,8143562.9,Basic
95375,30,1,1,37,50519,1998,0,927,534,1,9,9545994.8,Basic
29917,70,1,1,39,26297,2011,0,1566,480,0,5,2998840.1,Basic
16336,76,0,1,11,28105,2008,1,9709,415,0,1,1636600.8,Basic
90836,97,0,0,40,53732,2011,0,2770,149,0,7,9086961.1,Basic
60244,35,1,1,47,69892,1995,1,1418,344,0,7,6034513.5,Luxury
43030,81,1,1,85,73973,2010,0,1104,978,1,10,4310671,Basic
5504,11,1,0,76,13791,1990,0,9447,841,0,2,559951,Basic
37620,55,0,0,51,9302,1994,1,8318,160,1,8,3764885.4,Basic
6313,18,1,1,74,27295,2004,1,4979,647,0,7,640633.4,Luxury
52251,53,0,1,10,19714,2005,1,5751,969,1,8,5231126.5,Basic
75749,81,1,0,30,62511,2020,1,5132,523,1,5,7579803,Basic
31113,93,1,1,93,79608,2020,0,891,414,0,10,3122972,Basic
18972,70,1,0,3,42286,2010,0,8253,618,0,4,1902042,Basic
28769,22,1,0,80,17297,2021,1,6686,546,1,2,2881959.1,Basic
44539,24,0,0,23,91046,2007,0,3795,595,0,2,4454837.7,Basic
17643,18,0,0,1,34506,2004,1,755,966,1,8,1765047.4,Basic
52079,71,0,0,97,77966,1995,0,6737,196,1,10,5217238.5,Basic
76906,77,0,1,6,61028,2019,1,8938,668,0,5,7692420.9,Basic
88655,88,0,1,94,96284,2007,1,1193,169,1,0,8875673.7,Basic
87554,16,1,1,77,30135,2010,1,8714,636,1,8,8769996,Luxury
7889,38,0,1,58,59730,2000,0,1939,743,1,0,793852,Basic
33185,28,0,1,60,37437,1998,0,6398,437,0,8,3325883.8,Basic
81860,68,1,0,65,95833,2000,0,5409,870,1,7,8190448,Basic
16335,35,0,0,76,14675,2005,1,6086,385,1,2,1635816.5,Basic
23164,79,0,0,76,59854,1992,1,1132,519,0,4,2322369.2,Basic
50839,93,0,0,91,4337,2009,1,4208,726,0,9,5091375.9,Basic
17432,49,1,1,15,81884,1993,1,2250,547,1,10,1751212.3,Luxury
94930,27,0,0,98,44331,2001,1,9694,669,0,8,9499136.1,Basic
47601,29,0,1,69,16139,2001,0,8925,452,0,5,4765720.1,Basic
57143,81,0,0,11,13745,2001,0,7491,866,0,8,5716057.1,Basic
90614,77,0,1,16,95936,2016,1,2528,468,1,10,9065677.6,Basic
43245,83,0,0,35,51501,2003,0,9660,210,0,10,4325940.3,Basic
96666,95,0,1,9,25449,2008,0,8123,590,0,2,9672165.8,Basic
49608,59,0,1,10,71685,1992,0,2647,580,1,10,4965463.2,Basic
15385,69,1,0,93,98763,2013,0,1661,498,0,8,1548993.3,Basic
14973,91,1,0,22,52038,2018,0,7397,301,1,4,1501528.8,Basic
82285,19,0,0,22,73045,2014,0,782,372,0,8,8229649.4,Basic
89520,47,0,0,6,68457,2007,0,4587,861,0,1,8952698.7,Basic
31454,12,0,0,57,53771,2012,1,9770,327,0,0,3148909.2,Basic
63341,81,0,0,85,45352,1991,1,928,725,0,5,6338314.1,Basic
91166,100,1,1,8,89777,1995,0,5368,757,1,0,9123483.5,Basic
86153,7,1,1,54,11435,2020,1,8091,934,0,6,8627514,Luxury
24519,54,0,1,3,5764,2001,0,6797,658,1,3,2456369.1,Basic
17458,69,1,0,51,97354,2008,1,8435,789,0,2,1751679.8,Basic
48568,18,1,0,11,40071,2011,1,297,973,1,7,4860230.1,Basic
14881,68,1,0,88,9188,2007,1,9590,209,1,10,1498063.7,Basic
61123,25,1,1,72,27146,1995,0,1051,724,0,5,6123098.5,Basic
3854,7,1,0,25,32919,2009,1,6606,378,1,10,393085.9,Basic
86908,90,0,0,56,28155,2014,1,314,397,0,7,8695385.4,Basic
55366,51,0,0,98,18443,2011,0,8940,884,0,8,5540333.1,Basic
17051,46,1,1,43,67578,1993,1,6481,346,0,2,1710016.3,Luxury
14436,15,0,0,6,9002,2002,1,676,710,1,10,1444902.2,Basic
34220,50,1,1,33,30858,1996,1,5942,976,1,1,3430761.6,Luxury
95215,72,0,0,8,8349,2009,0,304,360,1,6,9522466.9,Basic
82140,63,0,0,10,51301,2003,1,8091,678,0,5,8215500.3,Basic
5706,57,0,0,38,51600,2005,1,73,276,0,7,574164.5,Basic
35778,92,0,0,35,16239,2012,0,4151,669,1,9,3580006.2,Basic
73323,43,0,1,5,8554,1990,0,3687,929,1,6,7334601,Basic
97544,65,0,0,72,74577,2014,1,3458,195,1,5,9760573.4,Basic
74037,75,1,0,84,185,1997,1,533,688,1,10,7410767.7,Basic
27244,95,0,0,91,51203,1996,1,4237,293,1,6,2731619.6,Basic
7812,68,0,1,93,30594,2012,0,3559,722,1,0,786725.2,Basic
95800,83,1,1,28,75731,1990,1,6051,323,0,3,9591195,Luxury
4442,11,1,0,46,10345,2016,1,9845,851,1,1,450428.6,Basic
71399,40,0,0,74,34136,1996,0,5484,652,1,10,7141237.6,Basic
8223,73,1,0,18,91132,2009,1,4835,511,0,5,828761.9,Basic
49694,47,1,0,17,42649,2021,1,8872,976,1,1,4973672.1,Basic
71661,54,0,1,64,30637,2014,1,793,516,0,2,7173346.4,Basic
98826,87,1,1,77,7899,2007,0,12,948,1,9,9894829.7,Basic
92000,54,1,0,6,559,2011,0,4693,874,1,2,9203514.1,Basic
82274,36,1,1,69,30208,2013,1,7565,170,1,10,8237371.3,Luxury
28957,71,1,1,2,41445,1992,1,3222,799,1,3,2903240.2,Luxury
45273,66,1,0,3,1531,2007,1,328,483,0,5,4531464.7,Basic
27649,86,0,0,67,35839,1997,1,4153,774,1,10,2770975.7,Basic
78681,23,1,1,87,56264,2015,1,5930,616,0,3,7884526.5,Luxury
30383,24,1,1,87,41613,2000,1,1312,789,1,5,3049140,Luxury
16205,33,1,0,53,74857,2000,0,5988,183,0,1,1626165,Basic
35821,12,1,0,71,39266,2013,1,9220,980,1,7,3589966.3,Basic
96601,97,1,0,37,21619,2015,1,478,243,1,8,9665463.5,Basic
34075,70,1,1,28,7956,1995,1,7842,545,1,4,3415018.5,Luxury
64246,31,1,0,90,7469,1995,0,4368,415,1,1,6435521.5,Basic
8732,69,0,1,40,28331,1991,0,1102,535,1,5,876520.1,Basic
15807,34,1,0,33,58996,2020,1,4263,951,0,8,1587804,Basic
41409,100,1,1,9,85156,2003,0,8936,687,0,9,4149403.3,Basic
84748,29,1,0,96,57674,2013,1,1978,179,0,7,8480498.3,Basic
95514,64,0,1,83,88845,2016,1,3388,167,0,1,9557636.6,Basic
19596,10,1,0,28,44541,1997,0,6454,677,1,2,1965484.7,Basic
26886,88,0,1,10,48679,1991,0,8380,850,1,0,2692355.1,Basic
5017,48,0,0,49,71704,1993,1,9420,343,0,5,506461.3,Basic
817,80,0,1,26,96822,2003,1,7737,703,1,3,87408.3,Basic
56381,5,1,1,91,50835,2009,0,9204,795,0,1,5646091.9,Basic
45464,3,0,1,3,42973,2021,0,9971,338,0,8,4549774.1,Basic
63992,5,1,0,39,50384,2005,1,5356,764,0,2,6405553.5,Basic
81411,23,0,1,74,99433,1998,1,4634,417,0,9,8149663.8,Basic
67053,15,0,0,33,72156,2019,0,7848,947,1,9,6707304.9,Basic
13560,1,1,0,17,85418,2001,1,7736,296,1,1,1361612.1,Basic
59993,13,1,1,67,83164,2015,1,7159,324,1,3,6009243.5,Luxury
95568,61,0,1,56,79841,1992,0,8392,388,1,0,9562024.2,Basic
50873,95,0,0,38,10919,2018,1,4083,379,0,4,5089609.8,Basic
56885,89,1,1,80,69885,2001,0,7919,651,1,8,5699848.1,Basic
72193,49,0,1,82,53046,1992,0,5541,326,0,1,7224575.2,Basic
39210,100,0,0,70,44287,2011,1,5798,287,1,3,3923171.1,Basic
82468,24,0,1,1,92478,1999,0,3756,292,1,10,8250786.9,Basic
64882,88,0,0,86,26142,1990,1,3453,452,1,8,6493005,Basic
98864,37,1,0,55,32055,2006,1,3854,721,1,7,9892826.6,Basic
71061,89,0,1,75,53656,2018,0,629,587,1,7,7118344.8,Basic
46585,73,0,0,91,10008,1990,0,4670,835,1,6,4662821,Basic
41976,78,0,1,86,95137,1990,0,9332,475,1,5,4205798,Basic
52165,3,1,0,3,77195,1998,1,4903,624,0,6,5221495.8,Basic
89999,49,1,0,3,18801,2010,1,1314,186,0,5,9004222,Basic
65611,61,0,1,23,88748,1999,1,5046,963,0,7,6563935.9,Basic
16067,4,1,0,26,51833,2007,1,8041,943,1,7,1610057.7,Basic
57970,2,1,1,53,59184,2013,0,2019,512,1,5,5811905.3,Basic
50373,38,0,1,53,3519,2003,0,1500,352,0,3,5043556.3,Basic
12079,66,1,1,70,60660,2020,1,3094,512,1,9,1213149,Luxury
36670,12,0,1,54,81486,2003,1,7937,346,0,2,3676149.3,Basic
2122,89,1,0,67,80189,2000,0,3154,698,1,8,219749,Basic
88458,5,0,1,36,25549,2012,0,7119,299,0,9,8853221.2,Basic
70603,35,1,0,42,21908,2012,0,2976,324,0,7,7065124.2,Basic
70091,62,1,1,86,37015,2009,1,1786,733,0,8,7019102.9,Luxury
3886,86,1,1,35,37090,2021,1,4865,808,1,4,398355.1,Luxury
64932,38,0,0,42,35842,2016,1,4507,889,0,4,6496287.6,Basic
4434,79,1,1,29,8718,2009,1,9010,958,0,5,453660.9,Luxury
79441,54,1,0,84,84220,2011,0,1381,405,0,3,7949525.1,Basic
53077,84,1,0,92,83232,2012,0,5494,110,0,0,5317242.2,Basic
91526,63,0,1,3,92415,2008,1,9724,874,0,0,9154926.8,Basic
91334,54,1,0,97,79832,1997,0,1841,768,0,3,9142863.7,Basic
38674,79,1,1,97,49531,2015,1,2129,990,1,5,3881695.5,Luxury
83033,36,1,0,75,75420,2006,1,5037,164,0,5,8313113.6,Basic
76692,42,1,0,28,24738,1997,0,6830,208,1,1,7673297.7,Basic
9468,3,0,1,18,84321,1996,1,4330,317,1,7,952050.6,Basic
1347,45,1,1,39,52035,1998,0,3579,714,0,7,142485.8,Basic
74970,60,1,1,82,91777,2000,0,1897,869,0,10,7509123,Basic
87957,56,0,1,46,75631,2014,1,1335,128,1,6,8800891.4,Basic
31560,74,1,0,17,88534,2004,0,8088,499,1,2,3159643.4,Basic
23804,58,0,1,39,80200,2008,1,3709,295,1,5,2386532.8,Basic
21765,79,1,1,35,98079,1990,1,5287,442,0,0,2184139,Luxury
11192,18,1,1,100,80973,2005,0,7138,824,1,9,1129884.5,Basic
91569,74,1,1,40,59784,1996,0,6609,514,1,2,9166813.6,Basic
23554,69,1,1,31,18992,1990,1,1667,354,1,10,2365037,Luxury
95444,10,0,1,10,95204,1992,0,711,513,1,4,9547388.2,Basic
35447,94,0,0,57,66046,2017,0,52,437,1,5,3550859.7,Basic
87502,32,0,1,89,59722,2009,1,2759,973,0,3,8761066.9,Basic
56188,31,1,1,56,11214,2018,1,29,316,0,9,5627165.8,Luxury
58234,22,0,1,9,88730,2005,0,7746,445,1,5,5826681.5,Basic
11130,77,1,1,98,56168,2021,1,353,939,0,5,1123958.1,Luxury
84920,20,1,1,67,9914,2008,1,9599,164,1,3,8498090.8,Luxury
52593,7,0,1,24,4624,1997,1,4272,643,0,0,5266675.7,Basic
71830,84,1,1,94,49715,2010,0,9393,771,1,6,7198524,Basic
60443,27,1,0,29,75789,2020,0,6197,663,1,5,6050123,Basic
87140,89,1,0,35,95671,2021,0,9405,759,1,5,8719038.1,Basic
20466,54,0,1,17,27952,1992,1,2320,540,1,8,2050714.2,Basic
98983,28,1,0,94,87042,1995,1,1094,458,0,6,9907159.5,Basic
97600,92,0,0,60,25026,2004,0,7030,903,0,1,9766250.4,Basic
84478,54,0,1,85,94529,2002,1,3963,916,1,5,8455893.2,Basic
94293,2,1,0,63,75139,2014,1,7991,190,0,3,9434658.4,Basic
79363,63,0,1,21,23353,2020,0,3943,665,0,7,7939687,Basic
82102,34,1,0,13,7782,2006,0,6721,413,0,10,8212467.6,Basic
68916,19,0,0,13,90143,2013,1,6851,487,1,7,6893475.3,Basic
79078,60,1,0,90,38332,1998,1,2568,746,1,9,7911742.8,Basic
78304,100,0,0,82,68157,2010,0,9182,766,0,6,7838249,Basic
16318,7,1,0,66,60177,2018,1,9700,201,1,4,1641389.8,Basic
32263,76,0,1,92,27952,2018,1,8164,348,0,3,3235937.8,Basic
95800,34,1,0,20,34604,2021,0,2299,141,1,0,9585132.1,Basic
26659,18,1,1,88,78689,1990,0,2832,378,0,2,2677314,Basic
74995,94,0,0,57,65876,2021,0,6677,185,1,3,7505553.1,Basic
18399,88,0,1,1,70170,2000,0,5416,222,0,8,1841652,Basic
14099,88,1,1,4,94875,2019,0,5603,417,1,10,1417841.9,Basic
59805,45,1,0,74,16122,2001,0,173,541,0,9,5986841.1,Basic
83388,97,0,0,72,45858,2016,0,1288,533,0,0,8339971.6,Basic
34049,10,0,0,79,26771,2002,0,9959,882,1,7,3413350.2,Basic
80863,57,0,0,31,98619,2013,0,7372,575,0,5,8089383.3,Basic
48854,79,1,0,83,42705,2002,1,4607,859,1,10,4890551.2,Basic
93002,53,0,0,52,65917,1992,1,7998,962,1,9,9302663.2,Basic
68895,50,0,1,2,24554,1995,0,8116,626,1,6,6891689.5,Basic
50058,72,0,0,96,45126,2005,0,8185,956,1,0,5009004.5,Basic
93342,7,1,0,41,54075,2020,0,7803,161,0,7,9340733,Basic
87586,41,0,0,4,42095,1997,0,7412,988,0,5,8759529.7,Basic
59564,62,1,1,17,72033,2000,0,705,515,1,1,5962905,Basic
94512,89,1,0,39,15527,2002,0,3981,694,0,2,9457140.2,Basic
35145,44,0,0,8,17127,2008,1,6162,506,0,7,3515730.8,Basic
36050,56,0,0,90,33708,1991,1,2791,217,1,1,3611909.1,Basic
69630,70,1,1,76,87049,1999,0,8174,137,1,9,6973784.9,Basic
7019,33,0,0,99,82546,2008,0,2653,934,0,5,705568.8,Basic
3633,11,1,1,32,68732,1992,0,5900,375,0,5,375162.2,Basic
17193,18,0,1,72,88316,2018,1,4118,774,0,5,1724888.8,Basic
72730,58,0,0,38,37518,1993,1,9441,854,1,0,7276501.3,Basic
50152,39,1,0,70,1849,2015,0,7389,413,0,2,5018454.5,Basic
